id,first_name,hash
1,Angele,#0fc712
2,Shauna,#129ad2
3,Almeta,#8f7e04
4,Ester,#6b6287
5,Colver,#5a2c04
6,Reinaldos,#ff1d2e
7,Adlai,#49fc83
8,Kellsie,#c5c11a
9,Livvy,#d78690
10,Donnie,#da32b5
11,Alvira,#b52fa1
12,Conney,#0b7acc
13,Elfie,#3121f8
14,Eada,#10ae0e
15,Creigh,#9f919a
16,Hamnet,#ef1ad1
17,Clarette,#13331f
18,Gustav,#78d87c
19,Pen,#bc7ecb
20,Dew,#2b1a3c
21,Gary,#4a33ca
22,Hakim,#589bd7
23,Ganny,#f753a8
24,Andrus,#3870c4
25,Shalom,#384803
26,Mirna,#d38f33
27,Leta,#9ce1a1
28,Brig,#f1cd89
29,Meara,#aee703
30,Evelina,#7196aa
31,Valene,#300827
32,Alisha,#fdd9ce
33,Lizzy,#6d51ef
34,Alfons,#cc25e5
35,Lilllie,#10b4c9
36,Pieter,#9147ff
37,Lorianne,#e5c099
38,Devi,#827b9b
39,Carlen,#1ca33d
40,Tamiko,#7d5422
41,Jethro,#7247ea
42,Julius,#29a89b
43,Rockey,#94ca35
44,Onfre,#ac5f74
45,Vonnie,#c5ae78
46,Odilia,#024832
47,Schuyler,#1f30ec
48,Odelia,#ab650f
49,Ciel,#2f5fcc
50,Francisco,#ec3bfa
